Amino Acid,Count,Frequency
L,18271,0.1512950879401146
A,13407,0.11101818422708755
V,11196,0.09270974793812725
I,10946,0.09063959458116658
F,8550,0.07079924480805538
G,7710,0.06384352952866748
S,6826,0.05652346725845451
T,6325,0.052374879931105296
Y,4429,0.03667483687191547
R,4412,0.03653406644364215
E,4262,0.03529197442946574
M,3917,0.03243516279685999
K,3729,0.030878407472425557
Q,3411,0.02824517240237157
N,3262,0.027011361001623
D,2707,0.022415620549170283
W,2286,0.018929482296048492
H,1762,0.014590440859858899
P,1744,0.01444138981815773
C,1612,0.013348348845682489
