WT_MUT,SASA Percent
FA,0.8684629457540618
IA,0.9462649053163612
LA,0.9254682933279952
TA,0.9568952355622201
VA,0.958383929350985
WA,0.9039008910262415
YA,0.8496905320649496
