WT_MUT,SASA Difference
FA,99.89430393013099
IA,73.91615436241615
LA,73.88591865384616
TA,40.24323749999991
VA,46.94683076923075
WA,130.2973445833334
YA,114.84004277310925
